Make,Model
Abarth,1000 SP
Abarth,124 GT
Abarth,124 Spider
Abarth,124 Spider Turismo
Abarth,131 Rally
Abarth,2000 Pininfarina
Abarth,2000 SE027
Abarth,207A Boano Spyder Corsa
Abarth,500
Abarth,500 Pogea Racing Ares
Abarth,595
Abarth,595 Competizione
Abarth,595 Pista
Abarth,595 Turismo
Abarth,600e
Abarth,695 Biposto
Abarth,695 Rivale
Abarth,695 XSR Yamaha
Abarth,750 GT Zagato
Abarth,Lancia Delta S4 Stradale (SE038)
Abarth,Lancia Rally 037 Stradale
AC,378 GT Zagato
AC,ACE
AC,Aceca
AC,Cobra
Acura,ADX
Acura,CDX
Acura,CL
Acura,CSX
Acura,EL
Acura,ILX
Acura,Integra
Acura,Legend
Acura,MDX
Acura,NSX
Acura,RDX
Acura,RL
Acura,RLX
Acura,RSX
Acura,SLX
Acura,TL
Acura,TLX
Acura,TSX
Acura,Vigor
Acura,ZDX
Adler,Diplomat
Adler,Trumpf
Adler,Trumpf Junior
Aion,Hyper GT
Aion,Hyper HT
Aion,Hyper SSR
Aion,LX
Aion,LX Plus
Aion,RT
Aion,S
Aion,S Plus
Aion,V
Aion,Y
Aion,Y Plus
Aito,.
Aiways,.
Aixam,500
Alfa Romeo,105/115
Alfa Romeo,145
Alfa Romeo,146
Alfa Romeo,147
Alfa Romeo,155
Alfa Romeo,156
Alfa Romeo,159
Alfa Romeo,164
Alfa Romeo,166
Alfa Romeo,1750
Alfa Romeo,1900
Alfa Romeo,2000
Alfa Romeo,2300
Alfa Romeo,2600
Alfa Romeo,33
Alfa Romeo,33 Stradale
Alfa Romeo,4C
Alfa Romeo,6
Alfa Romeo,6C
Alfa Romeo,75
Alfa Romeo,8C Competizione
Alfa Romeo,90
Alfa Romeo,Alfa 6
Alfa Romeo,Alfasud
Alfa Romeo,Alfetta
Alfa Romeo,Arna
Alfa Romeo,Brera
Alfa Romeo,Dauphine
Alfa Romeo,Disco Volante
Alfa Romeo,Giulia
Alfa Romeo,Giulietta
Alfa Romeo,GT
Alfa Romeo,GTA Coupe
Alfa Romeo,GTV
Alfa Romeo,Junior
Alfa Romeo,Milano
Alfa Romeo,MiTo
Alfa Romeo,Montreal
Alfa Romeo,RZ
Alfa Romeo,S.Z./R.Z.
Alfa Romeo,Spider
Alfa Romeo,Sprint
Alfa Romeo,Stelvio
Alfa Romeo,SZ
Alfa Romeo,Tonale
Alpina,B10
Alpina,B11
Alpina,B12
Alpina,B3
Alpina,B4
Alpina,B5
Alpina,B6
Alpina,B7
Alpina,B8
Alpina,B9
Alpina,C1
Alpina,C2
Alpina,D10
Alpina,D3
Alpina,D4
Alpina,D5
Alpina,Roadster
Alpina,Roadster S
Alpina,Roadster V8
Alpina,XB7
Alpina,XD3
Alpina,XD4
Alpine,A110
Alpine,A290
Alpine,A310
Alpine,A610
Alpine,GTA
AM General,HMMWV (Humvee)
Amberauto,A5
Ambertruck,Work
AMC,Eagle
AMC,Gremlin
AMC,Hornet
AMC,Matador
AMC,Rambler Ambassador
AMC,Rambler Classic
Apal,21541 Stalker
Arcfox,Alpha S
Arcfox,Alpha S5
Arcfox,Alpha T
Arcfox,Kaola
Ariel,Atom
Ariel,Nomad
Aro,10
Aro,24
Aro,Spartana
Asia,Retona
Asia,Rocsta
Asia,Topic
Asia,Towner
Aston Martin,Bulldog
Aston Martin,Cygnet
Aston Martin,DB AR1
Aston Martin,DB11
Aston Martin,DB12
Aston Martin,DB2
Aston Martin,DB2/4
Aston Martin,DB4
Aston Martin,DB5
Aston Martin,DB6
Aston Martin,DB7
Aston Martin,DB9
Aston Martin,DBS
Aston Martin,DBX
Aston Martin,Lagonda
Aston Martin,Lagonda Taraf
Aston Martin,One-77
Aston Martin,Rapide
Aston Martin,Tickford Capri
Aston Martin,V12 Speedster
Aston Martin,V12 Vantage
Aston Martin,V12 Zagato
Aston Martin,V8 Vantage
Aston Martin,V8 Zagato
Aston Martin,Valiant
Aston Martin,Valkyrie
Aston Martin,Valour
Aston Martin,Vanquish
Aston Martin,Vantage
Aston Martin,Virage
Aston Martin,Vulcan
ATOM,1
Auburn,Speedster
Audi,.
Aurus,Komendant
Aurus,Senat
Austin,Allegro
Austin,Ambassador
Austin,FL2
Austin,FX4
Austin,Maestro
Austin,Maxi
Austin,Metro
Austin,Mini
Austin,Mini Metro
Austin,Montego
Austin,Princess
Austin,Sprite
Austin Healey,100
Austin Healey,3000
Auto Union,1000 Sp
Autobianchi,A 112
Autocam,2160
Autocam,2163
Autocam,3101
Avatr,7
Avatr,11
Avatr,12
Baic,Jeep Cherokee 2500
Baic,Luba (XB624)
Baic,A1
Baic,Beijing BJ20
Baic,Beijing BJ80
Baic,BJ2020
Baic,BJ2021
Baic,BJ2026
Baic,BJ2030
Baic,BJ212
Baic,BJ30
Baic,BJ40
Baic,BJ40 Plus
Baic,BJ60
Baic,BJ80
Baic,BJ90
Baic,ES 210
Baic,EU
Baic,EU260
Baic,EU5
Baic,EU7
Baic,EX3
Baic,EX5
Baic,Huansu H2
Baic,Huansu S2
Baic,Huansu S3
Baic,Huansu S5
Baic,Jeep 2500
Baic,Kenbo 600
Baic,Luba (XB624)
Baic,Ruixiang X5
Baic,Senova
Baic,Senova D20
Baic,Senova D50
Baic,U5
Baic,U5 Plus
Baic,U7
Baic,X3
Baic,X35
Baic,X5
Baic,X55
Baic,X7
Baic,X75
Bajaj,Qute
Baltijas Dzips,BD-1322
Baojun,510
Baojun,E100
Baojun,E300
Baojun,Kiwi EV
Baojun,RC-5
Baojun,RM-5
Baojun,RS-3
Baojun,RS-5
Baojun,Yep
Baojun,Yep Plus
Baojun,Yunduo
Baojun,Yunhai
Batmobile,1989
Batmobile,2018
BAW,212
BAW,212 T01
BAW,Ace M7
BAW,Calorie F7
BAW,Yuanbao
Beijing,BJ 2020
Beijing,BJ 2021
Belgee,X50
Belgee,X70
Bentley,Arnage
Bentley,Azure
Bentley,Bentayga
Bentley,Brooklands
Bentley,Continental
Bentley,Continental Flying Spur
Bentley,Continental GT
Bentley,Eight
Bentley,Flying Spur
Bentley,Mark VI
Bentley,Mulliner Bacalar
Bentley,Mulliner Batur
Bentley,Mulsanne
Bentley,R Type
Bentley,S
Bentley,S-series
Bentley,T-series
Bentley,Turbo R
Bertone,Freeclimber
Bilenkin,Vintage
Bio auto,evA-4
Bitter,CD
Bitter,Type 3
Blaval,FH-EQ
BMW,.
Borgward,2000
Borgward,BX5
Borgward,BX7
Borgward,Hansa 1100
Brabus,7.3S
Brabus,Crawler
Brabus,E V12
Brabus,G V12
Brabus,M V12
Brabus,ML 63 Biturbo
Brabus,Rocket GTS
Brabus,SV12
Brilliance,BS2
Brilliance,BS4
Brilliance,BS6
Brilliance,FRV (BS2)
Brilliance,H230
Brilliance,H530
Brilliance,M1
Brilliance,M1 (BS6)
Brilliance,M2
Brilliance,M2 (BS4)
Brilliance,M3
Brilliance,M3 (BC3)
Brilliance,V3
Brilliance,V5
Bristol,Blenheim
Bristol,Blenheim Speedster
Bristol,Fighter
Bristol,Speedster
Bufori,Geneva
Bufori,La Joya
Bugatti,Bolide
Bugatti,Chiron
Bugatti,Divo
Bugatti,EB 110
Bugatti,EB 112
Bugatti,EB Veyron 16.4
Bugatti,Tourbillon
Bugatti,Type 55
Bugatti,Type 57
Bugatti,Veyron
Bugatti,W16 Mistral
Buick,Cascada
Buick,Century
Buick,Electra
Buick,Electra E4
Buick,Electra E5
Buick,Enclave
Buick,Encore
Buick,Encore GX
Buick,Encore Plus
Buick,Envision
Buick,Envista
Buick,Estate Wagon
Buick,Excelle
Buick,GL6
Buick,GL8
Buick,GS
Buick,LaCrosse
Buick,LE Sabre
Buick,LeSabre
Buick,Limited
Buick,Lucerne
Buick,Park Avenue
Buick,Rainer
Buick,Rainier
Buick,Reatta
Buick,Regal
Buick,Rendezvous
Buick,Riviera
Buick,Roadmaster
Buick,Skyhawk
Buick,Skylark
Buick,Special
Buick,Super
Buick,Terraza
Buick,Velite 6
Buick,Verano
Buick,Wildcat
BYD,Chazor
BYD,D1
BYD,Destroyer 05
BYD,Dolphin
BYD,E1
BYD,e2
BYD,E3
BYD,E5
BYD,e6
BYD,E9
BYD,F0
BYD,F3
BYD,F3-R
BYD,F5
BYD,F6
BYD,F7
BYD,F8
BYD,F8 (S8)
BYD,FangChengBao Leopard 3
BYD,FangChengBao Leopard 5
BYD,FangChengBao Leopard 8
BYD,Flyer
BYD,Frigate 07
BYD,G3
BYD,G6
BYD,Han
BYD,i6
BYD,L3
BYD,M6
BYD,Qin
BYD,S6
BYD,Sea Lion 05
BYD,Sea Lion 07
BYD,Seagull
BYD,Seal
BYD,Seal 06
BYD,Seal 06 GT
BYD,Seal 07
BYD,Shark
BYD,Song EV
BYD,Song L
BYD,Song Max
BYD,Song Plus
BYD,Song Pro
BYD,Tang
BYD,Xia
BYD,Yangwang U8
BYD,Yangwang U9
BYD,Yuan
BYD,Yuan Plus
BYD,Yuan Up
Byvin,BD132J (CoCo)
Byvin,BD326J (Moca)
Cadillac,Allante
Cadillac,ATS
Cadillac,ATS-V
Cadillac,BLS
Cadillac,Brougham
Cadillac,Calais
Cadillac,Catera
Cadillac,Celestiq
Cadillac,CT4
Cadillac,CT4-V
Cadillac,CT5
Cadillac,CT5-V
Cadillac,CT6
Cadillac,CTS
Cadillac,CTS-V
Cadillac,De Ville
Cadillac,DeVille
Cadillac,DTS
Cadillac,Eldorado
Cadillac,ELR
Cadillac,Escalade
Cadillac,Escalade iQ
Cadillac,Escalade-V
Cadillac,Fleetwood
Cadillac,GT4
Cadillac,LSE
Cadillac,Lyriq
Cadillac,Model 30
Cadillac,Optiq
Cadillac,Series 314
Cadillac,Series 341
Cadillac,Series 61
Cadillac,Series 62
Cadillac,Series 70
Cadillac,Seville
Cadillac,Sixty Special
Cadillac,SLS
Cadillac,SRX
Cadillac,STS
Cadillac,STS-V
Cadillac,Vistiq
Cadillac,XLR
Cadillac,XT4
Cadillac,XT5
Cadillac,XT6
Cadillac,XTS
Callaway,C12
Carbodies,FX4
Carbodies,FX4S
Caterham,21
Caterham,CSR
Caterham,Seven
Chana,Benni
Chana,SC6390
Changan,Alsvin
Changan,Alsvin V7
Changan,Auchan A600 EV
Changan,Benben E-Star
Changan,BenBen Mini
Changan,Benni
Changan,Benni EC/EV
Changan,Chana SM8
Changan,CM-8
Changan,CM8
Changan,CS15
Changan,CS35
Changan,CS35PLUS
Changan,CS55
Changan,CS55PLUS
Changan,CS75
Changan,CS75PLUS
Changan,CS85
Changan,CS95
Changan,CS95PLUS
Changan,CX20
Changan,Deepal G318
Changan,Deepal L07
Changan,Deepal S05
Changan,Deepal S09
Changan,Deepal S7
Changan,Deepal SL03
Changan,Eado
Changan,Eado Plus
Changan,Hunter
Changan,Hunter Plus
Changan,Kaicene F70
Changan,Lamore
Changan,Lantuozhe (Explorer)
Changan,Linmax
Changan,Lumin
Changan,Oshan X5
Changan,Raeton
Changan,Raeton CC
Changan,Raeton Plus
Changan,Star Truck
Changan,UNI-K
Changan,UNI-S
Changan,UNI-T
Changan,UNI-V
Changan,UNI-Z
Changan,X5 Plus
Changan,X7 Plus
Changan,Yida
Changan,Z-Shine
Changan Kuayue (KYC),F30
ChangFeng,Flying
ChangFeng,Liebao Leopard
ChangFeng,SUV
ChangFeng,SUV (CS6)
Changhe,Ideal
Chery,A19
Chery,Amulet (A15)
Chery,Arauca
Chery,Arizzo 5 GT
Chery,Arizzo 5 Plus
Chery,Arrizo 3
Chery,Arrizo 5
Chery,Arrizo 5 GT
Chery,Arrizo 5 Plus
Chery,Arrizo 6
Chery,Arrizo 7
Chery,Arrizo 8
Chery,Arrizo 8 Pro
Chery,B13
Chery,Bonus (A13)
Chery,Bonus 3 (E3/A19)
Chery,Cowin
Chery,CrossEastar (B14)
Chery,Domi
Chery,E5
Chery,Eastar
Chery,Ego
Chery,Elara
Chery,eQ1
Chery,eQ5
Chery,eQ7
Chery,Explore 06
Chery,Face
Chery,Fengyun
Chery,Fora (A21)
Chery,Fulwin
Chery,Fulwin 2
Chery,Fulwin A8
Chery,Fulwin A9
Chery,Fulwin A9L
Chery,Fulwin T10
Chery,Fulwin T6
Chery,Fulwin T8
Chery,Fulwin T9
Chery,IndiS (S18D)
Chery,J1
Chery,J11
Chery,Karry
Chery,Kimo (A1)
Chery,M11 (A3)
Chery,Omoda 5
Chery,Oriental Son (B11)
Chery,Qiyun
Chery,QQ
Chery,QQ Ice Cream
Chery,QQ6 (S21)
Chery,QQme
Chery,Riich 2
Chery,Storm 2
Chery,Sweet (QQ)
Chery,Tiggo (T11)
Chery,Tiggo 2
Chery,Tiggo 2 Pro
Chery,Tiggo 3
Chery,Tiggo 3x
Chery,Tiggo 3xe
Chery,Tiggo 4
Chery,Tiggo 4 Pro
Chery,Tiggo 5
Chery,Tiggo 5x
Chery,Tiggo 7
Chery,Tiggo 7 Plus
Chery,Tiggo 7 Pro
Chery,Tiggo 7 Pro Max
Chery,Tiggo 7 Pro Plug-in Hybrid
Chery,Tiggo 7L
Chery,Tiggo 8
Chery,Tiggo 8 Plus
Chery,Tiggo 8 Pro
Chery,Tiggo 8 Pro e+
Chery,Tiggo 8 Pro Max
Chery,Tiggo 8 Pro Plug-in Hybrid
Chery,Tiggo 8L
Chery,Tiggo 9
Chery,Very (A13)
Chery,Windcloud (A11)
CheryExeed,AtlantiX
CheryExeed,LX
CheryExeed,TXL
CheryExeed,VX
CheryExeed,Yaoguang
Chevrolet,.
Chrysler,.
Ciimo,.
Citroen,.
Coda,EV
Coggiola,T Rex
Coggiola,T-Rex
Combat,T98
Cord,L-29
Cupra,Ateca
Cupra,Born
Cupra,Formentor
Cupra,Leon
Cupra,Tavascan
Cupra,Terramar
Dacia,1100
Dacia,1300
Dacia,1310
Dacia,1320
Dacia,1325
Dacia,1325 Liberta
Dacia,1410
Dacia,2000
Dacia,500
Dacia,Bigster
Dacia,D6
Dacia,Denem
Dacia,Dokker
Dacia,Duster
Dacia,Gamma
Dacia,Jogger
Dacia,Lodgy
Dacia,Logan
Dacia,Nova
Dacia,Pick-Up
Dacia,Sandero
Dacia,Shifter
Dacia,Solenza
Dacia,Spring
Dacia,SuperNova
Dadi,City Leading
Dadi,Shuttle
Dadi,Smoothing
Daewoo,Alpheon
Daewoo,Aranos
Daewoo,Arcadia
Daewoo,Brougham
Daewoo,Chairman
Daewoo,Cielo
Daewoo,Damas
Daewoo,Espero
Daewoo,Evanda
Daewoo,Fantasy
Daewoo,G2X
Daewoo,Gentra
Daewoo,Imperial
Daewoo,Kalos
Daewoo,Korando
Daewoo,Lacetti
Daewoo,Lacetti Premiere
Daewoo,Lanos
Daewoo,Leganza
Daewoo,LeMans
Daewoo,Maepsy
Daewoo,Magnus
Daewoo,Matiz
Daewoo,Matiz Creative
Daewoo,Musso
Daewoo,Nexia
Daewoo,Nubira
Daewoo,Pointer
Daewoo,Prince
Daewoo,Racer
Daewoo,Rezzo
Daewoo,Royale
Daewoo,Sens
Daewoo,Tacuma
Daewoo,Tico
Daewoo,Tosca
Daewoo,Veritas
Daewoo,Winstorm
Daihatsu,Altis
Daihatsu,Applause
Daihatsu,Atrai
Daihatsu,Ayla
Daihatsu,Be-go
Daihatsu,Bee
Daihatsu,Boon
Daihatsu,Boon Luminas
Daihatsu,Cast
Daihatsu,Ceria
Daihatsu,Charade
Daihatsu,Charmant
Daihatsu,Compagno
Daihatsu,Consorte
Daihatsu,Coo
Daihatsu,Copen
Daihatsu,Cuore
Daihatsu,Delta Wagon
Daihatsu,Domino
Daihatsu,Esse
Daihatsu,Extol
Daihatsu,Fellow
Daihatsu,Feroza
Daihatsu,Fourtrak
Daihatsu,Gran Max
Daihatsu,Gran Move
Daihatsu,Hijet
Daihatsu,Hijet Caddie
Daihatsu,Leeza
Daihatsu,Luxio
Daihatsu,Materia
Daihatsu,MAX
Daihatsu,Mebius
Daihatsu,Midget
Daihatsu,Mira
Daihatsu,Mira Cocoa
Daihatsu,Mira e:S
Daihatsu,Mira Gino
Daihatsu,Mira Tocot
Daihatsu,Move
Daihatsu,Move Canbus
Daihatsu,Move Conte
Daihatsu,Move Latte
Daihatsu,Naked
Daihatsu,Opti
Daihatsu,Pyzar
Daihatsu,Rocky
Daihatsu,Rugger
Daihatsu,Sirion
Daihatsu,Sonica
Daihatsu,Sportrak
Daihatsu,Storia
Daihatsu,Taft
Daihatsu,Tanto
Daihatsu,Tanto Exe
Daihatsu,Taruna
Daihatsu,Terios
Daihatsu,Thor
Daihatsu,Trevis
Daihatsu,Valera
Daihatsu,Wake
Daihatsu,Wildcat
Daihatsu,Xenia
Daihatsu,YRV
Daihatsu,Zebra
Daimler,DH27
Daimler,DS420
Daimler,Regency
Daimler,Sovereign (XJ6)
Daimler,SP250
Daimler,Super Eight
Daimler,V8
Daimler,X300
Daimler,X308
Daimler,X350
Daimler,XJ40
Daimler,XJS
Dallara,Stradale
Dallas,Fun
Datsun,1000
Datsun,1200
Datsun,200/220/260/280C
Datsun,200SX
Datsun,240Z
Datsun,240Z / 260Z / 280Z
Datsun,280Z
Datsun,280ZX
Datsun,510
Datsun,610
Datsun,620
Datsun,710
Datsun,720
Datsun,810
Datsun,B-210
Datsun,Bluebird
Datsun,Cherry
Datsun,Fairlady
Datsun,GO
Datsun,GO+
Datsun,Laurel
Datsun,mi-Do
Datsun,on-DO
Datsun,Patrol
Datsun,Pickup
Datsun,Stanza
Datsun,Sunny
Datsun,Urvan
Datsun,Violet
Dayun,Pickup
Dayun,Yuanzhi M1
Dayun,Yuehu
De Tomaso,Bigua
De Tomaso,Guara
De Tomaso,Longchamp
De Tomaso,Mangusta
De Tomaso,Pantera
De Tomaso,Vallelunga
Deco Rides,Zephyr
Delage,D12
Delage,D6
Delage,DI
DeLorean,DMC-12
Denza,500
Denza,D9
Denza,N7
Denza,N8
Denza,N9
Denza,X
Denza,Z9
Denza,Z9 GT
Derways,Antelope
Derways,Aurora
Derways,Cowboy
Derways,Land Crown
Derways,Plutus
Derways,Saladin
Derways,Shuttle
DeSoto,Custom
DeSoto,Deluxe
DeSoto,Firedome
DeSoto,Fireflite
DFSK,iX5
DFSK,iX7
DFSK,V21
DFSK,V22
DFSK,V25
DKW,3=6
Dodge,330
Dodge,400
Dodge,440
Dodge,600
Dodge,A100
Dodge,Aries
Dodge,Aspen
Dodge,Attitude
Dodge,Avenger
Dodge,Brisa
Dodge,Caliber
Dodge,Caravan
Dodge,Challenger
Dodge,Charger
Dodge,Charger Daytona
Dodge,Colt
Dodge,Conquest
Dodge,Coronet
Dodge,Custom Royal
Dodge,D/W Series
Dodge,D8
Dodge,Dakota
Dodge,Dart
Dodge,Daytona
Dodge,Demon
Dodge,Diplomat
Dodge,Durango
Dodge,Dynasty
Dodge,Forza
Dodge,Hornet
Dodge,Intrepid
Dodge,Journey
Dodge,Lancer
Dodge,Magnum
Dodge,Matador
Dodge,Mayfair
Dodge,Meadowbrook
Dodge,Mirada
Dodge,Monaco
Dodge,Neon
Dodge,Nitro
Dodge,Omni
Dodge,Phoenix
Dodge,Polara
Dodge,Power Wagon
Dodge,Raider
Dodge,Ram
Dodge,Ram 50
Dodge,Ram Van
Dodge,Ramcharger
Dodge,Rampage
Dodge,Royal
Dodge,SE
Dodge,Shadow
Dodge,Spirit
Dodge,St. Regis
Dodge,Stealth
Dodge,Stratus
Dodge,Super Bee
Dodge,Viper
Dodge,WC series
DongFeng,370
DongFeng,580
DongFeng,A30
DongFeng,A60
DongFeng,A9
DongFeng,Aeolus E70
DongFeng,Aeolus Haohan
DongFeng,Aeolus Haoji
DongFeng,Aeolus Huge
DongFeng,Aeolus Mage
DongFeng,Aeolus Yixuan
DongFeng,Aeolus Yixuan GS
DongFeng,Aeolus Yixuan Max
DongFeng,AX3
DongFeng,AX4
DongFeng,AX7
DongFeng,Box
DongFeng,DF6
DongFeng,DFSK 500
DongFeng,DFSK ix5
DongFeng,DFSK ix7
DongFeng,E11K
DongFeng,EC36
DongFeng,Fengguang iX5
DongFeng,Fengguang iX7
DongFeng,Fengon 500
DongFeng,Fengon 560
DongFeng,Fengon 580
DongFeng,Fengon E5
DongFeng,Future
DongFeng,H30
DongFeng,H30 Cross
DongFeng,iX5
DongFeng,iX7
DongFeng,Mengshi M-Hero 800
DongFeng,Mengshi M-Hero 917
DongFeng,MPV
DongFeng,Nammi 01
DongFeng,Nano EX1
DongFeng,Oting
DongFeng,Paladin
DongFeng,Rich
DongFeng,Rich 7
DongFeng,S30
DongFeng,Shine
DongFeng,Shine GS
DongFeng,Shine Max
DongFeng,Sky EV01
DongFeng,T5L
Dongfeng Forthing,CM7
Dongfeng Forthing,Lingzhi M5
Dongfeng Forthing,M7
Dongfeng Forthing,T5
Dongfeng Forthing,T5 EVO
Dongfeng Forthing,T5L
Dongfeng Forthing,Thunder
Dongfeng Forthing,Xinghai S7
Dongfeng Forthing,Yacht
Doninvest,Assol
Doninvest,Kondor
Doninvest,Orion
Doninvest,Orion M
Donkervoort,D8
Donkervoort,D8 Cosworth
Donkervoort,D8 GT
Donkervoort,D8 GTO
Donkervoort,D8 Zetec
DR,DR 4.0
DS,3
DS,3 Crossback
DS,4
DS,5
DS,7
DS,7 Crossback
DS,9
DW Hower,H3
DW Hower,H5
E-Car,GD04B
Eagle,Premier
Eagle,Summit
Eagle,Talon
Eagle,Vision
Eagle,Vista
Eagle Cars,SS
Efini,MPV
Efini,MS-6
Efini,MS-8
Efini,MS-9
Efini,RX-7
Enoreve,ME5
Enovate,ME5
Enovate,ME7
Everus,VE-1
Evolute,i-JET
Evolute,i-JOY
Evolute,i-PRO
Evolute,i-SKY
Evolute,i-SPACE
Evolute,i-VAN
Excalibur,Series IV
Excalibur,Series V
EXEED,LX
EXEED,RX
EXEED,Sterra ES
EXEED,Sterra ET
EXEED,TX
EXEED,TXL
EXEED,VX
EXEED,Yaoguang
Exlantix,ES
Exlantix,ET
Facel Vega,FV
FAW,6371
FAW,Audi 100
FAW,Audi A6
FAW,Bestune B70
FAW,Bestune B70S
FAW,Bestune M9
FAW,Bestune NAT
FAW,Bestune T55
FAW,Bestune T77
FAW,Bestune T90
FAW,Bestune T99
FAW,Besturn B30
FAW,Besturn B50
FAW,Besturn B70
FAW,Besturn B90
FAW,Besturn X40
FAW,Besturn X80
FAW,C131
FAW,D60
FAW,Jiabao
FAW,Jinn
FAW,Kun Cheng
FAW,M80
FAW,Oley
FAW,S80
FAW,Sirius S80
FAW,V2
FAW,V5
FAW,Vela
FAW,Vita
FAW,Volkswagen Bora
FAW,Volkswagen City Golf
FAW,Volkswagen Jetta
FAW,Xiali N3
FAW,Xiali N5
FAW,Xiali N7
Fengon,iX5
Fengon,iX7
Ferrari,12Cilindri
Ferrari,208
Ferrari,250
Ferrari,250 GTO
Ferrari,288 GTO
Ferrari,296
Ferrari,308
Ferrari,328
Ferrari,330
Ferrari,348
Ferrari,360
Ferrari,365
Ferrari,400
Ferrari,412
Ferrari,456
Ferrari,458
Ferrari,488
Ferrari,512 BB
Ferrari,512 M
Ferrari,512 TR
Ferrari,550
Ferrari,575
Ferrari,575M
Ferrari,599
Ferrari,612
Ferrari,612 Scaglietti
Ferrari,812
Ferrari,812 Superfast
Ferrari,Berlinetta Boxer
Ferrari,California
Ferrari,Daytona SP3
Ferrari,Dino 206 GT
Ferrari,Dino 208/308 GT4
Ferrari,Dino 246 GT
Ferrari,Enzo
Ferrari,F12
Ferrari,F12berlinetta
Ferrari,F355
Ferrari,F40
Ferrari,F430
Ferrari,F50
Ferrari,F8
Ferrari,F80
Ferrari,FF
Ferrari,FXX K
Ferrari,GTC4Lusso
Ferrari,LaFerrari
Ferrari,Mondial
Ferrari,Monza SP
Ferrari,Portofino
Ferrari,Purosangue
Ferrari,Roma
Ferrari,SF90
Ferrari,Testarossa
Fiat,1100
Fiat,1200
Fiat,124
Fiat,124 Spider
Fiat,124 Sport Spider
Fiat,125
Fiat,126
Fiat,127
Fiat,128
Fiat,130
Fiat,1300/1500
Fiat,131
Fiat,132
Fiat,133
Fiat,1400
Fiat,147
Fiat,1800/2100
Fiat,2300
Fiat,238
Fiat,500
Fiat,500L
Fiat,500X
Fiat,508
Fiat,600
Fiat,600e
Fiat,850
Fiat,900T
Fiat,Albea
Fiat,Argenta
Fiat,Barchetta
Fiat,Brava
Fiat,Bravo
Fiat,Brio
Fiat,Campagnola
Fiat,Cinquecento
Fiat,Coupe
Fiat,Croma
Fiat,Dino
Fiat,Doblo
Fiat,Duna
Fiat,Egea
Fiat,Elba
Fiat,Fiorino
Fiat,Freemont
Fiat,Fullback
Fiat,Fullback I
Fiat,Grande Punto
Fiat,Idea
Fiat,Linea
Fiat,Marea
Fiat,Marengo
Fiat,Mille
Fiat,Multipla
Fiat,Palio
Fiat,Panda
Fiat,Panorama
Fiat,Perla
Fiat,Premio
Fiat,Punto
Fiat,Qubo
Fiat,Regata
Fiat,Ritmo
Fiat,Scudo
Fiat,Sedici
Fiat,Seicento
Fiat,Siena
Fiat,Spazio
Fiat,Stilo
Fiat,Strada
Fiat,Talento
Fiat,Tempra
Fiat,Tipo
Fiat,Topolino
Fiat,Tucan
Fiat,Ulysse
Fiat,Uno
Fiat,Viaggio
Fiat,Vivace
Fiat,X 1/9
Fiat,X1/9
Fisker,Karma
Fisker,Ocean
Flanker,F
Ford,.
Foton,Gratour
Foton,Mars 7
Foton,Mars 9
Foton,Midi
Foton,Sauvana
Foton,Tunland
Foton,Tunland G7
Foton,Tunland G9
Franklin,Series 15
FSO,125p
FSO,126p
FSO,127p
FSO,132p
FSO,Lanos
FSO,Polonez
FSO,Warszawa
Fuqi,6500 (Land King)
Fuqi,6500 Land King
GAC,GE3
GAC,GN8
GAC,GS3
GAC,GS5
GAC,GS8
GAC,iA5
GAC,M8
GAZ,12 ZIM
GAZ,13 Chaika
GAZ,13 «Chaika»
GAZ,14 Chaika
GAZ,14 «Chaika»
GAZ,18
GAZ,21 Volga
GAZ,21 «Volga»
GAZ,22 Volga
GAZ,22 «Volga»
GAZ,2308 Ataman
GAZ,2308 «Ataman»
GAZ,2330 «Tigr»
GAZ,233001 Tigr
GAZ,24 Volga
GAZ,24 «Volga»
GAZ,25
GAZ,3102 Volga
GAZ,3102 «Volga»
GAZ,31022 «Volga»
GAZ,310221 Volga
GAZ,310221 «Volga»
GAZ,31029 Volga
GAZ,31029 «Volga»
GAZ,3103 «Volga»
GAZ,3105 Volga
GAZ,3105 «Volga»
GAZ,3110 Volga
GAZ,3110 «Volga»
GAZ,31105 Volga
GAZ,31105 «Volga»
GAZ,3111
GAZ,3111 «Volga»
GAZ,46
GAZ,61
GAZ,64
GAZ,69
GAZ,A
GAZ,GAZ 67
GAZ,M-1
GAZ,M-12 ZiM
GAZ,M-20 Pobeda
GAZ,M-20 «Pobeda»
GAZ,M-72
GAZ,M1
GAZ,Siber
GAZ,Sobol
GAZ,Volga Siber
Geely,Atlas
Geely,Atlas Pro
Geely,Azkarra
Geely,Beauty Leopard
Geely,Binrui
Geely,Binrui Cool
Geely,Binyue
Geely,Binyue Cool
Geely,Binyue L
Geely,Boyue
Geely,Boyue Cool
Geely,Boyue Pro
Geely,CD
Geely,Cityray
Geely,CK
Geely,CK (Otaka)
Geely,Coolray
Geely,Cowboy
Geely,Emgrand
Geely,Emgrand 7
Geely,Emgrand EC7
Geely,Emgrand EC8
Geely,Emgrand GL
Geely,Emgrand GT
Geely,Emgrand L
Geely,Emgrand S
Geely,Emgrand X7
Geely,EX5
Geely,FC
Geely,FC (Vision)
Geely,FY11
Geely,Galaxy E5
Geely,Galaxy E8
Geely,Galaxy L6
Geely,Galaxy L7
Geely,Galaxy LEVC L380
Geely,Galaxy Starshine 8
Geely,Galaxy Starship 7
Geely,GC5
Geely,GC6
Geely,GC7
Geely,GC9
Geely,GE
Geely,Geome Xingyuan
Geely,Geometry A
Geely,Geometry C
Geely,Geometry E
Geely,Geometry G6
Geely,Geometry M6
Geely,GS
Geely,GX3 Pro
Geely,GX7
Geely,Haoqing
Geely,Haoyue
Geely,Haoyue L
Geely,Haoyue Pro
Geely,HQ
Geely,Icon
Geely,Jiaji
Geely,Kandi EX3
Geely,LC
Geely,LC (Panda)
Geely,LC (Panda) Cross
Geely,MK
Geely,MK Cross
Geely,Monjaro
Geely,MR
Geely,Okavango
Geely,Otaka
Geely,Panda
Geely,Preface
Geely,Radar King Kong
Geely,SC7
Geely,SL
Geely,SX11
Geely,Tugella
Geely,TX4
Geely,Uliou
Geely,Vision
Geely,Vision X3
Geely,Vision X3 Pro
Geely,Vision X6
Geely,Vision X6 Pro
Geely,Xingyue
Geely,Xingyue L
Geely,Yuancheng (Farizon) FX
Genesis,G70
Genesis,G80
Genesis,G90
Genesis,GV60
Genesis,GV70
Genesis,GV80
Genesis,GV80 Coupe
Geo,Metro
Geo,Prizm
Geo,Spectrum
Geo,Storm
Geo,Tracker
GMA,T.33
GMA,T.50
GMC,100
GMC,Acadia
GMC,Canyon
GMC,Envoy
GMC,Hummer EV
GMC,Jimmy
GMC,Safari
GMC,Savana
GMC,Sierra
GMC,Sonoma
GMC,Suburban
GMC,Syclone
GMC,Terrain
GMC,Typhoon
GMC,Vandura
GMC,Yukon
Goggomobil,T
Goggomobil,TS
Gonow,Troy
Gordon,Roadster
GP,Madison
Great Wall,CoolBear
Great Wall,Cowry
Great Wall,Cowry (V80)
Great Wall,Deer
Great Wall,Florid
Great Wall,Hover
Great Wall,Hover H3
Great Wall,Hover H5
Great Wall,Hover H6
Great Wall,Hover M1 (Peri 4x4)
Great Wall,Hover M2
Great Wall,Hover M4
Great Wall,Hover Pi
Great Wall,Pegasus
Great Wall,Peri
Great Wall,Poer
Great Wall,Poer King Kong
Great Wall,Safe
Great Wall,Sailor
Great Wall,Shanhai Poer
Great Wall,Sing RUV
Great Wall,Socool
Great Wall,Steed
Great Wall,Voleex C10
Great Wall,Voleex C10 (Phenom)
Great Wall,Voleex C20R
Great Wall,Voleex C30
Great Wall,Voleex C50
Great Wall,Voleex V80
Great Wall,Wingle
Great Wall,Wingle 3
Great Wall,Wingle 5
Great Wall,Wingle 7
Great Wall,X240
Groz,Bliss
Groz,Dacota
Groz,Fox
Groz,Rocky
Groz,Shuttle
Groz,Target
Groz,Vertus
Hafei,Brio
Hafei,Junyi
Hafei,Lobo
Hafei,Luzun
Hafei,Minyi
Hafei,Princip
Hafei,Saibao
Hafei,Saima
Hafei,Sigma
Hafei,Simbo
Hafei,Zhongyi
Haima,2
Haima,3
Haima,6P
Haima,7
Haima,7X
Haima,8S
Haima,Aishang EV
Haima,CX20
Haima,E3
Haima,Family
Haima,Family F7
Haima,Freema
Haima,Fstar
Haima,H2
Haima,M11
Haima,M3
Haima,M6
Haima,M8
Haima,S3
Haima,S5
Haima,S5 Young
Haima,S7
Hanomag,Rekord
Hanomag,Typ 13
Hanteng,X7
Haval,Chitu
Haval,DaGou (Big Dog)
Haval,Dargo
Haval,F5
Haval,F7
Haval,F7x
Haval,F8
Haval,H1
Haval,H2
Haval,H2s
Haval,H3
Haval,H4
Haval,H5
Haval,H6
Haval,H6 Coupe
Haval,H6S
Haval,H7
Haval,H8
Haval,H9
Haval,Jolion
Haval,KuGou
Haval,M6
Haval,Menglong (Raptor)
Haval,Shenshou
Haval,Xiaolong
Haval,Xiaolong Max
Hawtai,B21
Hawtai,Boliger
Hawtai,Laville
Heinkel,Typ 154
Hennessey,Venom F5
Hennessey,Venom GT
Hindustan,Ambassador
Hindustan,Contessa
Hindustan,Lancer
Hindustan,Pajero
HiPhi,X
HiPhi,Y
HiPhi,Z
Hispano-Suiza,K6
Holden,Adventra
Holden,Apollo
Holden,Astra
Holden,Barina
Holden,Barina Spark
Holden,Belmont
Holden,Berlina
Holden,Brougham
Holden,Calais
Holden,Camira
Holden,Caprice
Holden,Captiva
Holden,Colorado
Holden,Commodore
Holden,Crewman
Holden,Cruze
Holden,Drover
Holden,Epica
Holden,Frontera
Holden,Gemini
Holden,Jackaroo
Holden,Kingswood
Holden,Malibu
Holden,Monaro
Holden,Monterey
Holden,Piazza
Holden,Rodeo
Holden,Sandman
Holden,Statesman
Holden,Suburban
Holden,Tigra
Holden,Torana
Holden,UTE
Holden,Vectra
Holden,Viva
Holden,Volt
Holden,Zafira
Honda,.
Hongqi,E-HS3
Hongqi,E-HS7
Hongqi,E-HS9
Hongqi,E-QM5
Hongqi,EH7
Hongqi,H5
Hongqi,H6
Hongqi,H7
Hongqi,H9
Hongqi,HQ9
Hongqi,HS3
Hongqi,HS5
Hongqi,HS7
Hongqi,L1
Hongqi,L5
Hongqi,LS7
Horch,830
Horch,853
Horch,901
Hozon,Neta GT
Hozon,Neta L
Hozon,Neta S
Hozon,Neta U
Hozon,Neta U-II
Hozon,Neta V
Hozon,Neta X
HSV,Maloo
Huaihai (Hoann),EK01
HuangHai,Antelope
HuangHai,Landscape
HuangHai,N1
HuangHai,N7
HuangHai,Plutus
HuangHai,Santa Fe
Huazi,Omega
Hudson,Deluxe Eight
Hudson,Super Six
Hummer,H1
Hummer,H2
Hummer,H3
Hurtan,Albaycín
Hycan,7
Hycan,A06
Hycan,V09
Hycan,Z03
Hyperion,XP-1
Hyundai,Accent
Hyundai,Alcazar
Hyundai,Amica
Hyundai,Aslan
Hyundai,Atos
Hyundai,Avante
Hyundai,Avante N
Hyundai,Avega
Hyundai,Azera
Hyundai,Bayon
Hyundai,Casper
Hyundai,Celesta
Hyundai,Centennial
Hyundai,Click
Hyundai,Coupe
Hyundai,Creta
Hyundai,Custin
Hyundai,Custo
Hyundai,Dynasty
Hyundai,Elantra
Hyundai,Elantra N
Hyundai,Elexio
Hyundai,Encino
Hyundai,Entourage
Hyundai,Eon
Hyundai,Equus
Hyundai,Excel
Hyundai,Exter
Hyundai,Galloper
Hyundai,Genesis
Hyundai,Genesis Coupe
Hyundai,Getz
Hyundai,Grace
Hyundai,Grand Santa Fe
Hyundai,Grand Starex
Hyundai,Grandeur
Hyundai,H-1
Hyundai,H-100
Hyundai,H200
Hyundai,HB20
Hyundai,i10
Hyundai,i20
Hyundai,i20 N
Hyundai,i25
Hyundai,i30
Hyundai,i30 N
Hyundai,i40
Hyundai,i45
Hyundai,Inster
Hyundai,Ioniq
Hyundai,IONIQ 5
Hyundai,IONIQ 5 N
Hyundai,IONIQ 6
Hyundai,IONIQ 9
Hyundai,ix20
Hyundai,ix25
Hyundai,ix35
Hyundai,ix55
Hyundai,Kona
Hyundai,Kona N
Hyundai,Lafesta
Hyundai,Langdong
Hyundai,Lantra
Hyundai,Lavita
Hyundai,Marcia
Hyundai,Matrix
Hyundai,Maxcruz
Hyundai,Mistra
Hyundai,Mufasa
Hyundai,Nexo
Hyundai,Palisade
Hyundai,Pony
Hyundai,Presto
Hyundai,Rohens
Hyundai,S-Coupe
Hyundai,Santa Cruz
Hyundai,Santa Fe
Hyundai,Santamo
Hyundai,Santro
Hyundai,Santro Xing
Hyundai,Scoupe
Hyundai,Solaris
Hyundai,Sonata
Hyundai,Sonica
Hyundai,Starex
Hyundai,Stargazer
Hyundai,Staria
Hyundai,Stellar
Hyundai,TB
Hyundai,Terracan
Hyundai,Tiburon
Hyundai,TQ
Hyundai,Trajet
Hyundai,Tucson
Hyundai,Tuscani
Hyundai,Veloster
Hyundai,Venue
Hyundai,Veracruz
Hyundai,Verna
Hyundai,XG
iCar,3
iCar,V23
IM Motors (Zhiji),L6
IM Motors (Zhiji),L7
IM Motors (Zhiji),LS6
IM Motors (Zhiji),LS7
Ineos,Grenadier
Infiniti,EX
Infiniti,EX-Series
Infiniti,FX
Infiniti,FX-Series
Infiniti,G
Infiniti,G-Series
Infiniti,I
Infiniti,I-Series
Infiniti,J
Infiniti,J30
Infiniti,JX
Infiniti,JX-Series
Infiniti,M
Infiniti,M-Series
Infiniti,Q
Infiniti,Q30
Infiniti,Q40
Infiniti,Q45
Infiniti,Q50
Infiniti,Q60
Infiniti,Q70
Infiniti,QX30
Infiniti,QX4
Infiniti,QX50
Infiniti,QX55
Infiniti,QX56
Infiniti,QX60
Infiniti,QX70
Infiniti,QX80
Innocenti,Elba
Innocenti,Mille
Innocenti,Mini
Innocenti,Small
International,Scout
International,Travelall
Invicta,S1
Iran Khodro,Arisun
Iran Khodro,Bardo
Iran Khodro,Dena
Iran Khodro,Paykan
Iran Khodro,Runna
Iran Khodro,Sahra
Iran Khodro,Samand
Iran Khodro,Sarir
Iran Khodro,Soren
Iran Khodro,Tara
Isdera,Commendatore 112i
Isdera,Imperator
Isdera,Imperator 108i
Isdera,Spyder
Isuzu,117
Isuzu,Alterra
Isuzu,Amigo
Isuzu,Ascender
Isuzu,Aska
Isuzu,Axiom
Isuzu,Bellel
Isuzu,Bellett
Isuzu,Bighorn
Isuzu,Campo
Isuzu,Como
Isuzu,Crosswind
Isuzu,D-Max
Isuzu,Fargo
Isuzu,Fargo Filly
Isuzu,Filly
Isuzu,Florian
Isuzu,Fuego
Isuzu,Gemini
Isuzu,Hombre
Isuzu,I-Mark
Isuzu,i-Series
Isuzu,Impulse
Isuzu,KB
Isuzu,Lingtuo
Isuzu,Midi
Isuzu,MU
Isuzu,MU-7
Isuzu,MU-X
Isuzu,Oasis
Isuzu,Panther
Isuzu,Piazza
Isuzu,Rodeo
Isuzu,Statesman de Ville
Isuzu,Stylus
Isuzu,T17
Isuzu,TF (Pickup)
Isuzu,Trooper
Isuzu,VehiCross
Isuzu,Wasp
Isuzu,WFR
Isuzu,Wizard
IVECO,Massif
IZH,"2125 ""Kombi"""
IZH,2126 «Oda»
IZH,"21261 ""Fabula"""
IZH,2715
IZH,2717
IZH,27175
IZH,Moskvich-412
JAC,A5
JAC,E30X
JAC,Hunter
JAC,iEV7L
JAC,iEV7S
JAC,iEVA50
JAC,iEVS4
JAC,J2
JAC,J2 (Yueyue)
JAC,"J3 (Tongyue,Tojoy)"
JAC,J4 (Heyue A30)
JAC,J5
JAC,J5 (Heyue)
JAC,J6 (Heyue RS)
JAC,J7 (Binyue)
JAC,JS2 Pro
JAC,JS3
JAC,JS4
JAC,JS6
JAC,M1 (Refine)
JAC,M5
JAC,Refine
JAC,Refine RF8
JAC,Rein
JAC,S1 (Rein)
JAC,S2
JAC,S3
JAC,S4
JAC,S5
JAC,S5 (Eagle)
JAC,S6
JAC,S7
JAC,Sehol A5 Plus
JAC,Sehol Aipao
JAC,Sehol E20X
JAC,Sehol X6
JAC,Sehol X8
JAC,Sehol X8 Plus
JAC,T6
JAC,T8
JAC,T8 Pro
JAC,T9
JAC,T9 Hunter
Jaecoo,J5
Jaecoo,J7
Jaecoo,J8
Jaguar,240/340
Jaguar,420
Jaguar,E-Pace
Jaguar,E-Type
Jaguar,F-Pace
Jaguar,F-Type
Jaguar,I-Pace
Jaguar,Mark
Jaguar,Mark 2
Jaguar,Mark IX
Jaguar,S-Type
Jaguar,SS
Jaguar,X-Type
Jaguar,XE
Jaguar,XF
Jaguar,XFR
Jaguar,XJ
Jaguar,XJ220
Jaguar,XJR
Jaguar,XJS
Jaguar,XK
Jaguar,XKR
Jeep,2500
Jeep,Avenger
Jeep,Cherokee
Jeep,CJ
Jeep,Comanche
Jeep,Commander
Jeep,Commando
Jeep,Compass
Jeep,Gladiator
Jeep,Grand Cherokee
Jeep,Grand Commander
Jeep,Liberty
Jeep,Liberty (North America)
Jeep,Liberty (Patriot)
Jeep,Patriot
Jeep,Renegade
Jeep,Wagoneer
Jeep,Wagoneer S
Jeep,Wrangler
Jensen,Interceptor
Jensen,S-V8
Jetour,Dashing
Jetour,Freedom
Jetour,Shanhai L6
Jetour,Shanhai L7
Jetour,Shanhai L9
Jetour,Shanhai T1
Jetour,Shanhai T2
Jetour,T2
Jetour,Traveller
Jetour,X50
Jetour,X70
Jetour,X70 PLUS
Jetour,X70 PRO
Jetour,X90
Jetour,X90 PLUS
Jetour,X90 PRO
Jetour,X95
Jetta,VA3
Jetta,VA7
Jetta,VS5
Jetta,VS7
Jiangnan,Alto
Jiangnan,Chuanqi
Jiangnan,City Spirit
Jidu,1
Jidu,7
Jidu,Robo-01
Jinbei,Haise
Jinbei,Haise S
JMC,Baodian
JMC,Baowei
JMC,Dadao
JMC,Vigus
JMC,Vigus Work
JMC,X6
JMC,Yuhu
JMC,Yuhu 7
JMC,Yusheng
JMEV,EV3
JMEV,GSE/Yi
Jonway,UFO A380
Kaiyi,E5
Kaiyi,X3
Kaiyi,X3 Pro
Kaiyi,X7 Kunlun
Kanonir,2317
Karma,Revero
Karma,Revero GT
Kawei,K1
Kawei,K150
Kawei,K150GT
KG Mobility,Actyon
KG Mobility,Korando
KG Mobility,Rexton
KG Mobility,Rexton Sports
KG Mobility,Tivoli
KG Mobility,Torres
Kia,Amanti
Kia,Avella
Kia,Besta
Kia,Borrego
Kia,Brisa
Kia,Cachet
Kia,Cadenza
Kia,Capital
Kia,Carens
Kia,Carnival
Kia,Carstar
Kia,Cee'd
Kia,Ceed
Kia,Ceed GT
Kia,Cerato
Kia,Clarus
Kia,Concord
Kia,Credos
Kia,Elan
Kia,Enterprise
Kia,EV3
Kia,EV4
Kia,EV5
Kia,EV6
Kia,EV9
Kia,Forte
Kia,Joice
Kia,K3
Kia,K4
Kia,K5
Kia,K7
Kia,K8
Kia,K9
Kia,K900
Kia,KX1
Kia,KX3
Kia,KX5
Kia,KX7
Kia,Lotze
Kia,Magentis
Kia,Mentor
Kia,Mohave
Kia,Morning
Kia,Niro
Kia,Opirus
Kia,Optima
Kia,Parktown
Kia,Pegas
Kia,Picanto
Kia,Potentia
Kia,Pregio
Kia,Pride
Kia,Proceed
Kia,PV5
Kia,Quanlima
Kia,Quoris
Kia,Ray
Kia,Retona
Kia,Rio
Kia,Rondo
Kia,Sedona
Kia,Seltos
Kia,Sephia
Kia,Shuma
Kia,Sonet
Kia,Sorento
Kia,Sorento Prime
Kia,Soul
Kia,Soul EV
Kia,Spectra
Kia,Sportage
Kia,Sportage (China)
Kia,Stinger
Kia,Stonic
Kia,Syros
Kia,Tasman
Kia,Telluride
Kia,Towner
Kia,Venga
Kia,Visto
Kia,X-Trek
Kia,XCeed
Knewstar,1
Koenigsegg,Agera
Koenigsegg,CC8S
Koenigsegg,CCR
Koenigsegg,CCX
Koenigsegg,CCXR
Koenigsegg,Gemera
Koenigsegg,Jesco
Koenigsegg,Jesko
Koenigsegg,One:1
Koenigsegg,Regera
KTM AG,X-Bow
KYC,F3
Lamborghini,350/400 GT
Lamborghini,350GT
Lamborghini,400GT
Lamborghini,Aventador
Lamborghini,Centenario
Lamborghini,Countach
Lamborghini,Countach LPI 800-4
Lamborghini,Diablo
Lamborghini,Egoista
Lamborghini,Egoista I
Lamborghini,Espada
Lamborghini,Gallardo
Lamborghini,Huracán
Lamborghini,Islero
Lamborghini,Jalpa
Lamborghini,Jarama
Lamborghini,LM001
Lamborghini,LM002
Lamborghini,Miura
Lamborghini,Murcielago
Lamborghini,Reventon
Lamborghini,Revuelto
Lamborghini,Sesto Elemento
Lamborghini,Sián
Lamborghini,Silhouette
Lamborghini,Temerario
Lamborghini,Urraco
Lamborghini,Urus
Lamborghini,Veneno
Lancia,2000
Lancia,A 112
Lancia,A112
Lancia,Appia
Lancia,Aurelia
Lancia,Beta
Lancia,Dedra
Lancia,Delta
Lancia,Flaminia
Lancia,Flavia
Lancia,Fulvia
Lancia,Gamma
Lancia,Hyena
Lancia,Kappa
Lancia,Lambda
Lancia,Lybra
Lancia,Monte Carlo
Lancia,Montecarlo
Lancia,Musa
Lancia,Phedra
Lancia,Prisma
Lancia,Rally 037
Lancia,Scorpion
Lancia,Stratos
Lancia,Stratos HF
Lancia,Thema
Lancia,Thesis
Lancia,Trevi
Lancia,Voyager
Lancia,Y
Lancia,Y10
Lancia,Ypsilon
Lancia,Zeta
Land Rover,Defender
Land Rover,Discovery
Land Rover,Discovery Sport
Land Rover,Freelander
Land Rover,Range Rover
Land Rover,Range Rover Evoque
Land Rover,Range Rover Sport
Land Rover,Range Rover Velar
Land Rover,Series
Land Rover,Series I
Land Rover,Series II
Land Rover,Series III
Landwind,Fashion (CV9)
Landwind,Forward
Landwind,X5
Landwind,X6
Landwind,X7
Landwind,X9
Leapmotor,C01
Leapmotor,C10
Leapmotor,C11
Leapmotor,C16
Leapmotor,S01
Leapmotor,T03
LEVC,L380
Lexus,CT
Lexus,ES
Lexus,GS
Lexus,GS F
Lexus,GX
Lexus,GX460
Lexus,HS
Lexus,IS
Lexus,IS F
Lexus,LBX
Lexus,LC
Lexus,LFA
Lexus,LM
Lexus,LS
Lexus,LX
Lexus,NX
Lexus,RC
Lexus,RC F
Lexus,RX
Lexus,RZ
Lexus,SC
Lexus,TX
Lexus,UX
Liebao Motor,Leopard
Lifan,650 EV
Lifan,Breez
Lifan,Breez (520)
Lifan,Cebrium
Lifan,Cebrium (720)
Lifan,Celliya
Lifan,Celliya (530)
Lifan,Foison
Lifan,Murman
Lifan,Murman (820)
Lifan,MyWay
Lifan,Smily
Lifan,Solano
Lifan,X50
Lifan,X60
Lifan,X70
Lifan,X80
Ligier,JS 51
Lincoln,Aviator
Lincoln,Blackwood
Lincoln,Capri
Lincoln,Continental
Lincoln,Continental Mark Series
Lincoln,Corsair
Lincoln,Cosmopolitan
Lincoln,Custom
Lincoln,K-Series
Lincoln,LS
Lincoln,Mark III
Lincoln,Mark IV
Lincoln,Mark LT
Lincoln,Mark VII
Lincoln,Mark VIII
Lincoln,MKC
Lincoln,MKS
Lincoln,MKT
Lincoln,MKX
Lincoln,MKZ
Lincoln,Nautilus
Lincoln,Navigator
Lincoln,Premiere
Lincoln,Town Car
Lincoln,Versailles
Lincoln,Z
Lincoln,Zephyr
lingxi,L
Livan,7
Livan,9
Livan,S6 Pro
Livan,X3 Pro
Livan,X6 Pro
LiXiang,L6
LiXiang,L7
LiXiang,L8
LiXiang,L9
LiXiang,Mega
LiXiang,One
Logem,EC30
Lotus,2-Eleven
Lotus,3-Eleven
Lotus,340R
Lotus,7
Lotus,Carlton
Lotus,Eclat
Lotus,Elan
Lotus,Eletre
Lotus,Elise
Lotus,Elite
Lotus,Emeya
Lotus,Emira
Lotus,Esprit
Lotus,Europa
Lotus,Europa S
Lotus,Evija
Lotus,Evora
Lotus,Excel
Lotus,Exige
Lotus,Omega
LTI,FX4
LTI,TX
LuAZ,1302
LuAZ,1302 Volyn
LuAZ,967
LuAZ,969
Lucid,Air
Lucid,Gravity
Luxeed,R7
Luxeed,S7
Luxgen,5
Luxgen,6
Luxgen,7
Luxgen,Luxgen5
Luxgen,Luxgen7 MPV
Luxgen,Luxgen7 SUV
Luxgen,U6 Turbo
Luxgen,U7 Turbo
Lynk & Co,1
Lynk & Co,2
Lynk & Co,3
Lynk & Co,5
Lynk & Co,6
Lynk & Co,7
Lynk & Co,8
Lynk & Co,9
Lynk & Co,Z10
Lynk & Co,Z20
M-Hero,I
Mahindra,Armada
Mahindra,Bolero
Mahindra,CJ-3
Mahindra,CL
Mahindra,Commander
Mahindra,Kuv100
Mahindra,Marshal
Mahindra,MM
Mahindra,MM 540/550
Mahindra,MM 775
Mahindra,NC 640 DP
Mahindra,Scorpio
Mahindra,Thar
Mahindra,Verito
Mahindra,Voyager
Mahindra,XUV500
Mahindra,Xylo
Maple,X3 Pro
Marcos,GTS
Marcos,LM 400
Marcos,LM 500
Marcos,Mantis
Marcos,Marcasite
Marcos,TS
Marlin,5Exi
Marlin,Berlinetta
Marlin,RoadSter
Marlin,Sportster
Marussia,B1
Marussia,B2
Maruti,1000
Maruti,800
Maruti,Alto
Maruti,Baleno
Maruti,Esteem
Maruti,Gypsy
Maruti,Omni
Maruti,Versa
Maruti,Wagon R
Maruti,Zen
Maserati,228
Maserati,3200 GT
Maserati,3500 GT
Maserati,420
Maserati,4200 GT
Maserati,Barchetta Stradale
Maserati,Biturbo
Maserati,Bora
Maserati,Chubasco
Maserati,Coupe
Maserati,Ghibli
Maserati,GranCabrio
Maserati,GranSport
Maserati,GranTurismo
Maserati,Grecale
Maserati,GT2 Stradale
Maserati,Indy
Maserati,Karif
Maserati,Khamsin
Maserati,Kyalami
Maserati,Levante
Maserati,MC12
Maserati,MC20
Maserati,Merak
Maserati,Mexico
Maserati,Mistral
Maserati,Quattroporte
Maserati,Racing
Maserati,Royale
Maserati,Sebring
Maserati,Shamal
Maserati,Spyder
Matra,Murena
Maxeed,TXL
Maxeed,VX
Maxus,D60
Maxus,D90
Maxus,EUNIQ 5
Maxus,EUNIQ 6
Maxus,G10
Maxus,G20
Maxus,G50
Maxus,G70
Maxus,G90
Maxus,MIFA 5
Maxus,MIFA 7
Maxus,MIFA 9
Maxus,T70
Maxus,T90
Maxus,Territory
Maxus,V70
Maybach,57
Maybach,62
Maybach,Exelero
Maybach,Zeppelin
Mazda,.
McLaren,540C
McLaren,570GT
McLaren,570S
McLaren,600LT
McLaren,650S
McLaren,675LT
McLaren,720S
McLaren,750S
McLaren,765LT
McLaren,Artura
McLaren,Elva
McLaren,F1
McLaren,GT
McLaren,GTS
McLaren,MP4-12C
McLaren,P1
McLaren,Senna
McLaren,W1
Mega,Club
Mega,Monte Carlo
Mega,Track
Mercedes-Benz,.
Mercury,.
Messerschmitt,KR200
Metrocab,Metrocab I
Metrocab,Metrocab II (TTT)
Metrocab,Taxi
MG,1100/1300
MG,3
MG,350
MG,4 EV
MG,5
MG,5 EV
MG,5 Scorpio
MG,550
MG,6
MG,6 Pro
MG,7
MG,750
MG,A
MG,B
MG,C
MG,Cyberster
MG,ES5
MG,F
MG,GS
MG,HS
MG,Maestro
MG,Magnette
MG,Metro
MG,MGA
MG,MGB
MG,Midget
MG,Montego
MG,Mulan
MG,One
MG,Pilot
MG,RV8
MG,RX5
MG,RX8
MG,S5
MG,T60
MG,TD Midget
MG,TF
MG,Xpower SV
MG,ZR
MG,ZS
MG,ZT
Microcar,F8C
Microcar,M.Go
Microcar,M8
Microcar,MC
Microcar,Virgo
Minelli,TF 1800
Mini,Aceman
Mini,Cabrio
Mini,Clubman
Mini,Cooper
Mini,Cooper S
Mini,Countryman
Mini,Coupe
Mini,Hatch
Mini,One
Mini,Paceman
Mini,Roadster
Mitsubishi,.
Mitsuoka,Bubu Classic SSK
Mitsuoka,Buddy
Mitsuoka,Classic Type F
Mitsuoka,Galue
Mitsuoka,Galue 204
Mitsuoka,Himiko
Mitsuoka,Le-Seyde
Mitsuoka,Like
Mitsuoka,MC-1
Mitsuoka,Nouera
Mitsuoka,Orochi
Mitsuoka,Ray
Mitsuoka,Rock Star
Mitsuoka,Ryoga
Mitsuoka,Ryugi
Mitsuoka,Viewt
Mitsuoka,Yuga
Mitsuoka,Zero 1
Mobilize,Limo
Monte Carlo,GTB Centenaire
Morgan,3 Wheeler
Morgan,4 Seater
Morgan,04-Apr
Morgan,Aero 8
Morgan,Aero Coupe
Morgan,Aero SuperSports
Morgan,AeroMax
Morgan,Plus 4
Morgan,Plus 8
Morgan,Roadster
Morris,Eight
Morris,Marina
Moskvich,2136
Moskvich,2137
Moskvich,2138
Moskvich,2140
Moskvich,2141
Moskvich,2142
Moskvich,2315
Moskvich,2335
Moskvich,3
Moskvich,3e
Moskvich,400
Moskvich,401
Moskvich,402
Moskvich,403
Moskvich,407
Moskvich,408
Moskvich,410
Moskvich,411
Moskvich,412
Moskvich,423
Moskvich,424
Moskvich,426
Moskvich,427
Moskvich,430
Moskvich,434P
Moskvich,5
Moskvich,6
Moskvich,8
Moskvich,Duet
Moskvich,Ivan Kalita
Moskvich,Knyaz Vladimir
Moskvich,Svyatogor
Moskvich,Yuri Dolgoruky
Nash,Ambassador
Nio,EC6
Nio,EC7
Nio,ES6
Nio,ES7
Nio,ES8
Nio,ET5
Nio,ET7
Nio,ET9
Nio,Onvo L60
Nissan,.
Noble,M12 GTO
Noble,M15
Noble,M600
Nysa,522
Oldsmobile,88
Oldsmobile,98
Oldsmobile,Achieva
Oldsmobile,Alero
Oldsmobile,Aurora
Oldsmobile,Bravada
Oldsmobile,Cutlass
Oldsmobile,Cutlass Calais
Oldsmobile,Cutlass Ciera
Oldsmobile,Cutlass Supreme
Oldsmobile,Delta 88
Oldsmobile,Deluxe 88
Oldsmobile,Dynamic 88
Oldsmobile,Eighty-Eight
Oldsmobile,Firenza
Oldsmobile,Intrigue
Oldsmobile,Ninety-Eight
Oldsmobile,Omega
Oldsmobile,Series 60
Oldsmobile,Series 70
Oldsmobile,Silhouette
Oldsmobile,Starfire
Oldsmobile,Super 88
Oldsmobile,Toronado
Oldsmobile,Vista Cruiser
Omoda,C5
Omoda,C7
Omoda,C9
Omoda,E5
Omoda,S5
Omoda,S5 GT
Opel,.
ORA,3
ORA,Ballet Cat
ORA,Black Cat
ORA,Good Cat
ORA,Lightning Cat
ORA,SAR (Saloon) Mecha Dragon
ORA,White Cat
Osca,2500 GT
Oshan,COS1
Oshan,Cosmos
Oshan,X5
Oshan,X5 Plus
Oshan,X7
Oshan,X7 Plus
Oshan,Z6
Other car,Other cars
Other car,Other russian machines
Other car,Self collected
Oting,Paladin
Oting,Palasso
Overland,Roadster
Packard,..
Pagani,..
Panoz,...
Paykan,..
Perodua,..
Peugeot,..
PGO,..
Piaggio,...
Pierce-Arrow,..
Plymouth,..
Polar Stone (Jishi),..
Polestar,..
Pontiac,...
Porsche,..
Premier,..
Proton,..
PUCH,..
Puma,...
Punk,..
Qiantu,..
Qingling,..
Qiyuan,.
Qoros,...
Qvale,..
Racing car,..
Radar,..
Radford,..
RAM,..
Rambler,..
Ravon,..
Rayton Fissore,..
Reliant,..
Renaissance,..
Renaissance Cars,..
Renault,..
Renault Samsung,..
Rezvani,..
Rimac,..
Rinspeed,..
Rising Auto,..
Rivian,..
Roewe,..
Rolls-Royce,..
Ronart,..
Rossa,..
Rover,..
Rox,..
Russo-Balt,..
Saab,..
Saipa,...
Saleen,..
Samsung,..
Sandstorm,..
Santana,..
Saturn,..
Scion,..
Scout,..
Sears,..
SEAT,.
Seres,..
Seres Aito,..
Shanghai Maple,..
Shifeng,..
ShuangHuan,..
Simca,..
Skoda,.
Skywell,..
Skyworth,..
SMA,..
Smart,..
SMZ,...
Solaris,..
Sollers,..
Soueast,..
Spectre,..
Spyker,..
SsangYong,..
Stelato,..
Steyr,..
Studebaker,..
Subaru,..
Suzuki,..
SWM,..
TagAZ,..
Talbot,..
Tank,..
Tata,..
Tatra,..
Tazzari,..
Tesla,..
Thairung,..
Think,..
Tianma,...
Tianye,..
Tofas,..
Toyota,..
Trabant,..
Tramontana,..
Triumph,..
Trumpchi,..
TVR,..
UAZ,..
Ultima,..
Vauxhall,..
VAZ (Lada),..
Vector,...
Venturi,..
Venucia,..
VGV,..
VinFast,..
Volga,..
Volkswagen,..
Volvo,..
Vortex,..
Voyah,..
VUHL,..
W Motors,..
Wanderer,..
Wartburg,..
Weltmeister,..
Westfield,..
WEY,..
Wiesmann,..
Willys,.
Wuling,...
Xcite,..
XEV,..
Xiaomi,..
XiaoPaoChe (SSC),.
Xin Kai,..
Xpeng,.
Yema,..
Yipai,..
Yo-mobil,..
Yulon,...
Zastava,..
ZAZ,..
Zeekr,...
Zenos,..
Zenvo,..
Zibar,...
ZIL,...
ZiS,.
Zotye,..
ZX,...
